{
  "discos_duros": [
    {
      "id": 1,
      "tipo": "SSD",
      "marca": "Samsung",
      "modelo": "870 EVO",
      "capacidad_gb": 1000,
      "tiempo_uso_meses": 6,
      "horas_encendido": 4320,
      "ciclos_escritura": 1500,
      "temperatura_promedio": 45,
      "bad_sectors": 0,
      "porcentaje_desgaste": 5,
      "estado": "Excelente",
      "fecha_instalacion": "2023-06-15"
    },
    {
      "id": 2,
      "tipo": "HDD",
      "marca": "Western Digital",
      "modelo": "Blue",
      "capacidad_gb": 2000,
      "tiempo_uso_meses": 24,
      "horas_encendido": 17280,
      "ciclos_escritura": 8500,
      "temperatura_promedio": 38,
      "bad_sectors": 12,
      "porcentaje_desgaste": 35,
      "estado": "Moderado",
      "fecha_instalacion": "2022-01-10"
    },
    {
      "id": 3,
      "tipo": "SSD",
      "marca": "Crucial",
      "modelo": "MX500",
      "capacidad_gb": 500,
      "tiempo_uso_meses": 36,
      "horas_encendido": 25920,
      "ciclos_escritura": 42000,
      "temperatura_promedio": 48,
      "bad_sectors": 2,
      "porcentaje_desgaste": 78,
      "estado": "Critico",
      "fecha_instalacion": "2021-03-22"
    },
    {
      "id": 4,
      "tipo": "NVMe",
      "marca": "WD Black",
      "modelo": "SN850",
      "capacidad_gb": 2000,
      "tiempo_uso_meses": 12,
      "horas_encendido": 8640,
      "ciclos_escritura": 8000,
      "temperatura_promedio": 52,
      "bad_sectors": 0,
      "porcentaje_desgaste": 15,
      "estado": "Bueno",
      "fecha_instalacion": "2022-12-05"
    },
    {
      "id": 5,
      "tipo": "HDD",
      "marca": "Seagate",
      "modelo": "Barracuda",
      "capacidad_gb": 4000,
      "tiempo_uso_meses": 18,
      "horas_encendido": 12960,
      "ciclos_escritura": 12000,
      "temperatura_promedio": 41,
      "bad_sectors": 8,
      "porcentaje_desgaste": 42,
      "estado": "Moderado",
      "fecha_instalacion": "2022-06-18"
    },
    {
      "id": 6,
      "tipo": "SSD",
      "marca": "Kingston",
      "modelo": "A2000",
      "capacidad_gb": 1000,
      "tiempo_uso_meses": 8,
      "horas_encendido": 5760,
      "ciclos_escritura": 3000,
      "temperatura_promedio": 46,
      "bad_sectors": 0,
      "porcentaje_desgaste": 8,
      "estado": "Excelente",
      "fecha_instalacion": "2023-04-12"
    },
    {
      "id": 7,
      "tipo": "NVMe",
      "marca": "Samsung",
      "modelo": "970 EVO Plus",
      "capacidad_gb": 1000,
      "tiempo_uso_meses": 9,
      "horas_encendido": 6480,
      "ciclos_escritura": 6000,
      "temperatura_promedio": 55,
      "bad_sectors": 0,
      "porcentaje_desgaste": 12,
      "estado": "Excelente",
      "fecha_instalacion": "2023-03-20"
    },
    {
      "id": 8,
      "tipo": "HDD",
      "marca": "Toshiba",
      "modelo": "P300",
      "capacidad_gb": 3000,
      "tiempo_uso_meses": 30,
      "horas_encendido": 21600,
      "ciclos_escritura": 15000,
      "temperatura_promedio": 43,
      "bad_sectors": 25,
      "porcentaje_desgaste": 65,
      "estado": "Alto",
      "fecha_instalacion": "2021-06-15"
    },
    {
      "id": 9,
      "tipo": "SSD",
      "marca": "SanDisk",
      "modelo": "Ultra 3D",
      "capacidad_gb": 2000,
      "tiempo_uso_meses": 15,
      "horas_encendido": 10800,
      "ciclos_escritura": 9000,
      "temperatura_promedio": 47,
      "bad_sectors": 1,
      "porcentaje_desgaste": 22,
      "estado": "Bueno",
      "fecha_instalacion": "2022-09-10"
    },
    {
      "id": 10,
      "tipo": "NVMe",
      "marca": "Crucial",
      "modelo": "P5 Plus",
      "capacidad_gb": 2000,
      "tiempo_uso_meses": 6,
      "horas_encendido": 4320,
      "ciclos_escritura": 3500,
      "temperatura_promedio": 53,
      "bad_sectors": 0,
      "porcentaje_desgaste": 7,
      "estado": "Excelente",
      "fecha_instalacion": "2023-06-25"
    },
    {
      "id": 11,
      "tipo": "SSD",
      "marca": "Western Digital",
      "modelo": "Blue SN550",
      "capacidad_gb": 1000,
      "tiempo_uso_meses": 24,
      "horas_encendido": 17280,
      "ciclos_escritura": 18000,
      "temperatura_promedio": 49,
      "bad_sectors": 3,
      "porcentaje_desgaste": 45,
      "estado": "Moderado",
      "fecha_instalacion": "2022-01-30"
    },
    {
      "id": 12,
      "tipo": "HDD",
      "marca": "Western Digital",
      "modelo": "Black",
      "capacidad_gb": 4000,
      "tiempo_uso_meses": 42,
      "horas_encendido": 30240,
      "ciclos_escritura": 22000,
      "temperatura_promedio": 46,
      "bad_sectors": 45,
      "porcentaje_desgaste": 82,
      "estado": "Critico",
      "fecha_instalacion": "2020-04-18"
    },
    {
      "id": 13,
      "tipo": "NVMe",
      "marca": "Seagate",
      "modelo": "FireCuda 530",
      "capacidad_gb": 2000,
      "tiempo_uso_meses": 18,
      "horas_encendido": 12960,
      "ciclos_escritura": 15000,
      "temperatura_promedio": 58,
      "bad_sectors": 0,
      "porcentaje_desgaste": 28,
      "estado": "Bueno",
      "fecha_instalacion": "2022-06-22"
    },
    {
      "id": 14,
      "tipo": "SSD",
      "marca": "ADATA",
      "modelo": "SU800",
      "capacidad_gb": 1000,
      "tiempo_uso_meses": 48,
      "horas_encendido": 34560,
      "ciclos_escritura": 38000,
      "temperatura_promedio": 51,
      "bad_sectors": 8,
      "porcentaje_desgaste": 85,
      "estado": "Critico",
      "fecha_instalacion": "2020-02-15"
    },
    {
      "id": 15,
      "tipo": "HDD",
      "marca": "Seagate",
      "modelo": "IronWolf",
      "capacidad_gb": 6000,
      "tiempo_uso_meses": 36,
      "horas_encendido": 25920,
      "ciclos_escritura": 18000,
      "temperatura_promedio": 44,
      "bad_sectors": 15,
      "porcentaje_desgaste": 58,
      "estado": "Alto",
      "fecha_instalacion": "2021-01-10"
    },
    {
      "id": 16,
      "tipo": "NVMe",
      "marca": "Kingston",
      "modelo": "KC3000",
      "capacidad_gb": 2000,
      "tiempo_uso_meses": 3,
      "horas_encendido": 2160,
      "ciclos_escritura": 1200,
      "temperatura_promedio": 50,
      "bad_sectors": 0,
      "porcentaje_desgaste": 3,
      "estado": "Excelente",
      "fecha_instalacion": "2023-09-15"
    },
    {
      "id": 17,
      "tipo": "SSD",
      "marca": "Team Group",
      "modelo": "CX2",
      "capacidad_gb": 500,
      "tiempo_uso_meses": 60,
      "horas_encendido": 43200,
      "ciclos_escritura": 48000,
      "temperatura_promedio": 54,
      "bad_sectors": 12,
      "porcentaje_desgaste": 92,
      "estado": "Critico",
      "fecha_instalacion": "2019-03-05"
    },
    {
      "id": 18,
      "tipo": "HDD",
      "marca": "HGST",
      "modelo": "Deskstar",
      "capacidad_gb": 2000,
      "tiempo_uso_meses": 54,
      "horas_encendido": 38880,
      "ciclos_escritura": 25000,
      "temperatura_promedio": 47,
      "bad_sectors": 68,
      "porcentaje_desgaste": 88,
      "estado": "Critico",
      "fecha_instalacion": "2019-08-20"
    },
    {
      "id": 19,
      "tipo": "NVMe",
      "marca": "Sabrent",
      "modelo": "Rocket 4 Plus",
      "capacidad_gb": 2000,
      "tiempo_uso_meses": 24,
      "horas_encendido": 17280,
      "ciclos_escritura": 22000,
      "temperatura_promedio": 61,
      "bad_sectors": 1,
      "porcentaje_desgaste": 35,
      "estado": "Moderado",
      "fecha_instalacion": "2022-01-15"
    },
    {
      "id": 20,
      "tipo": "SSD",
      "marca": "Intel",
      "modelo": "665p",
      "capacidad_gb": 1000,
      "tiempo_uso_meses": 12,
      "horas_encendido": 8640,
      "ciclos_escritura": 7500,
      "temperatura_promedio": 46,
      "bad_sectors": 0,
      "porcentaje_desgaste": 18,
      "estado": "Bueno",
      "fecha_instalacion": "2022-12-08"
    },
    {
      "id": 21,
      "tipo": "HDD",
      "marca": "Western Digital",
      "modelo": "Red Plus",
      "capacidad_gb": 4000,
      "tiempo_uso_meses": 12,
      "horas_encendido": 8640,
      "ciclos_escritura": 8000,
      "temperatura_promedio": 39,
      "bad_sectors": 2,
      "porcentaje_desgaste": 25,
      "estado": "Bueno",
      "fecha_instalacion": "2022-12-12"
    },
    {
      "id": 22,
      "tipo": "NVMe",
      "marca": "Corsair",
      "modelo": "MP600 PRO",
      "capacidad_gb": 2000,
      "tiempo_uso_meses": 15,
      "horas_encendido": 10800,
      "ciclos_escritura": 11000,
      "temperatura_promedio": 59,
      "bad_sectors": 0,
      "porcentaje_desgaste": 20,
      "estado": "Bueno",
      "fecha_instalacion": "2022-09-18"
    },
    {
      "id": 23,
      "tipo": "SSD",
      "marca": "PNY",
      "modelo": "CS900",
      "capacidad_gb": 500,
      "tiempo_uso_meses": 30,
      "horas_encendido": 21600,
      "ciclos_escritura": 22000,
      "temperatura_promedio": 49,
      "bad_sectors": 5,
      "porcentaje_desgaste": 55,
      "estado": "Alto",
      "fecha_instalacion": "2021-04-25"
    },
    {
      "id": 24,
      "tipo": "HDD",
      "marca": "Seagate",
      "modelo": "SkyHawk",
      "capacidad_gb": 4000,
      "tiempo_uso_meses": 24,
      "horas_encendido": 17280,
      "ciclos_escritura": 12000,
      "temperatura_promedio": 42,
      "bad_sectors": 8,
      "porcentaje_desgaste": 38,
      "estado": "Moderado",
      "fecha_instalacion": "2022-01-30"
    },
    {
      "id": 25,
      "tipo": "NVMe",
      "marca": "Gigabyte",
      "modelo": "AORUS Gen4",
      "capacidad_gb": 2000,
      "tiempo_uso_meses": 21,
      "horas_encendido": 15120,
      "ciclos_escritura": 18000,
      "temperatura_promedio": 63,
      "bad_sectors": 0,
      "porcentaje_desgaste": 32,
      "estado": "Moderado",
      "fecha_instalacion": "2022-03-10"
    },
    {
      "id": 26,
      "tipo": "SSD",
      "marca": "Samsung",
      "modelo": "860 PRO",
      "capacidad_gb": 1000,
      "tiempo_uso_meses": 42,
      "horas_encendido": 30240,
      "ciclos_escritura": 35000,
      "temperatura_promedio": 52,
      "bad_sectors": 2,
      "porcentaje_desgaste": 68,
      "estado": "Alto",
      "fecha_instalacion": "2020-05-15"
    },
    {
      "id": 27,
      "tipo": "HDD",
      "marca": "Toshiba",
      "modelo": "X300",
      "capacidad_gb": 4000,
      "tiempo_uso_meses": 48,
      "horas_encendido": 34560,
      "ciclos_escritura": 20000,
      "temperatura_promedio": 48,
      "bad_sectors": 32,
      "porcentaje_desgaste": 75,
      "estado": "Critico",
      "fecha_instalacion": "2020-01-20"
    },
    {
      "id": 28,
      "tipo": "NVMe",
      "marca": "Samsung",
      "modelo": "980 PRO",
      "capacidad_gb": 1000,
      "tiempo_uso_meses": 18,
      "horas_encendido": 12960,
      "ciclos_escritura": 14000,
      "temperatura_promedio": 57,
      "bad_sectors": 0,
      "porcentaje_desgaste": 24,
      "estado": "Bueno",
      "fecha_instalacion": "2022-06-15"
    },
    {
      "id": 29,
      "tipo": "SSD",
      "marca": "Crucial",
      "modelo": "BX500",
      "capacidad_gb": 500,
      "tiempo_uso_meses": 9,
      "horas_encendido": 6480,
      "ciclos_escritura": 4500,
      "temperatura_promedio": 44,
      "bad_sectors": 0,
      "porcentaje_desgaste": 12,
      "estado": "Excelente",
      "fecha_instalacion": "2023-03-08"
    },
    {
      "id": 30,
      "tipo": "HDD",
      "marca": "Western Digital",
      "modelo": "Purple",
      "capacidad_gb": 4000,
      "tiempo_uso_meses": 36,
      "horas_encendido": 25920,
      "ciclos_escritura": 16000,
      "temperatura_promedio": 45,
      "bad_sectors": 18,
      "porcentaje_desgaste": 62,
      "estado": "Alto",
      "fecha_instalacion": "2021-01-25"
    },
    {
      "id": 31,
      "tipo": "NVMe",
      "marca": "Western Digital",
      "modelo": "Black SN850X",
      "capacidad_gb": 2000,
      "tiempo_uso_meses": 6,
      "horas_encendido": 4320,
      "ciclos_escritura": 4000,
      "temperatura_promedio": 54,
      "bad_sectors": 0,
      "porcentaje_desgaste": 8,
      "estado": "Excelente",
      "fecha_instalacion": "2023-06-10"
    },
    {
      "id": 32,
      "tipo": "SSD",
      "marca": "Kingston",
      "modelo": "NV2",
      "capacidad_gb": 1000,
      "tiempo_uso_meses": 4,
      "horas_encendido": 2880,
      "ciclos_escritura": 1800,
      "temperatura_promedio": 43,
      "bad_sectors": 0,
      "porcentaje_desgaste": 4,
      "estado": "Excelente",
      "fecha_instalacion": "2023-08-22"
    },
    {
      "id": 33,
      "tipo": "HDD",
      "marca": "Seagate",
      "modelo": "Exos X16",
      "capacidad_gb": 8000,
      "tiempo_uso_meses": 24,
      "horas_encendido": 17280,
      "ciclos_escritura": 14000,
      "temperatura_promedio": 46,
      "bad_sectors": 5,
      "porcentaje_desgaste": 28,
      "estado": "Bueno",
      "fecha_instalacion": "2022-01-18"
    },
    {
      "id": 34,
      "tipo": "NVMe",
      "marca": "Team Group",
      "modelo": "Cardea Zero Z440",
      "capacidad_gb": 1000,
      "tiempo_uso_meses": 12,
      "horas_encendido": 8640,
      "ciclos_escritura": 9000,
      "temperatura_promedio": 56,
      "bad_sectors": 0,
      "porcentaje_desgaste": 16,
      "estado": "Bueno",
      "fecha_instalacion": "2022-12-15"
    },
    {
      "id": 35,
      "tipo": "SSD",
      "marca": "Samsung",
      "modelo": "870 QVO",
      "capacidad_gb": 2000,
      "tiempo_uso_meses": 20,
      "horas_encendido": 14400,
      "ciclos_escritura": 15000,
      "temperatura_promedio": 50,
      "bad_sectors": 1,
      "porcentaje_desgaste": 32,
      "estado": "Moderado",
      "fecha_instalacion": "2022-04-12"
    },
    {
      "id": 36,
      "tipo": "SSD",
      "marca": "WD",
      "modelo": "WD1",
      "capacidad_gb": 521,
      "tiempo_uso_meses": 2,
      "horas_encendido": 1440,
      "ciclos_escritura": 1000,
      "temperatura_promedio": 50,
      "bad_sectors": 0,
      "porcentaje_desgaste": 4,
      "estado": "Excelente",
      "fecha_instalacion": "2025-11-19"
    }
  ],
  "metricas_por_tipo": {
    "SSD": {
      "vida_util_meses": 60,
      "ciclos_escritura_max": 50000,
      "temperatura_max": 70,
      "factor_desgaste": 0.8
    },
    "HDD": {
      "vida_util_meses": 48,
      "ciclos_escritura_max": 20000,
      "temperatura_max": 60,
      "factor_desgaste": 1.2
    },
    "NVMe": {
      "vida_util_meses": 72,
      "ciclos_escritura_max": 80000,
      "temperatura_max": 75,
      "factor_desgaste": 0.6
    }
  }
}